Year,Borough,Leiden_CommunityID,Leiden_Modularity,Louvain_CommunityID,Louvain_Modularity,Infomap_CommunityID,Infomap_Modularity,Label_Propagation_CommunityID,Label_Propagation_Modularity,Fast_Greedy_CommunityID,Fast_Greedy_Modularity
2013,Barking & Dagenham,0,0.023096581767778002,0,0.023096581767778006,0,0.0,0,0.0,0,0.023096581767778006
2013,Barnet,1,0.023096581767778002,1,0.023096581767778006,0,0.0,0,0.0,1,0.023096581767778006
2013,Brent,2,0.023096581767778002,2,0.023096581767778006,0,0.0,0,0.0,2,0.023096581767778006
2013,Camden,1,0.023096581767778002,1,0.023096581767778006,0,0.0,0,0.0,1,0.023096581767778006
2013,City of London,1,0.023096581767778002,1,0.023096581767778006,0,0.0,0,0.0,1,0.023096581767778006
2013,Ealing,2,0.023096581767778002,3,0.023096581767778006,0,0.0,0,0.0,3,0.023096581767778006
2013,Enfield,1,0.023096581767778002,1,0.023096581767778006,0,0.0,0,0.0,1,0.023096581767778006
2013,Greenwich,0,0.023096581767778002,0,0.023096581767778006,0,0.0,0,0.0,0,0.023096581767778006
2013,Hammersmith & Fulham,2,0.023096581767778002,3,0.023096581767778006,0,0.0,0,0.0,3,0.023096581767778006
2013,Haringey,1,0.023096581767778002,1,0.023096581767778006,0,0.0,0,0.0,1,0.023096581767778006
2013,Harrow,2,0.023096581767778002,2,0.023096581767778006,0,0.0,0,0.0,2,0.023096581767778006
2013,Havering,0,0.023096581767778002,0,0.023096581767778006,0,0.0,0,0.0,0,0.023096581767778006
2013,Hillingdon,2,0.023096581767778002,3,0.023096581767778006,0,0.0,0,0.0,3,0.023096581767778006
2013,Hounslow,2,0.023096581767778002,3,0.023096581767778006,0,0.0,0,0.0,3,0.023096581767778006
2013,Islington,1,0.023096581767778002,1,0.023096581767778006,0,0.0,0,0.0,1,0.023096581767778006
2013,Kensington & Chelsea,2,0.023096581767778002,3,0.023096581767778006,0,0.0,0,0.0,3,0.023096581767778006
2013,Lambeth,1,0.023096581767778002,1,0.023096581767778006,0,0.0,0,0.0,1,0.023096581767778006
2013,Merton,3,0.023096581767778002,3,0.023096581767778006,0,0.0,0,0.0,3,0.023096581767778006
2013,Newham,0,0.023096581767778002,0,0.023096581767778006,0,0.0,0,0.0,0,0.023096581767778006
2013,Out of London,0,0.023096581767778002,0,0.023096581767778006,0,0.0,0,0.0,0,0.023096581767778006
2013,Redbridge,0,0.023096581767778002,0,0.023096581767778006,0,0.0,0,0.0,0,0.023096581767778006
2013,Richmond upon Thames,2,0.023096581767778002,3,0.023096581767778006,0,0.0,0,0.0,3,0.023096581767778006
2013,Southwark,0,0.023096581767778002,0,0.023096581767778006,0,0.0,0,0.0,0,0.023096581767778006
2013,Tower Hamlets,0,0.023096581767778002,0,0.023096581767778006,0,0.0,0,0.0,0,0.023096581767778006
2013,Waltham Forest,0,0.023096581767778002,0,0.023096581767778006,0,0.0,0,0.0,0,0.023096581767778006
2013,Wandsworth,3,0.023096581767778002,3,0.023096581767778006,0,0.0,0,0.0,3,0.023096581767778006
2013,Westminster,1,0.023096581767778002,1,0.023096581767778006,0,0.0,0,0.0,1,0.023096581767778006
2013,Hackney,1,0.023096581767778002,1,0.023096581767778006,0,0.0,0,0.0,1,0.023096581767778006
2014,Barking & Dagenham,0,0.022117399767414378,0,0.024007935274034362,0,0.0,0,0.0,0,0.02343269009521086
2014,Barnet,1,0.022117399767414378,1,0.024007935274034362,0,0.0,0,0.0,1,0.02343269009521086
2014,Brent,2,0.022117399767414378,2,0.024007935274034362,0,0.0,0,0.0,2,0.02343269009521086
2014,Camden,1,0.022117399767414378,1,0.024007935274034362,0,0.0,0,0.0,1,0.02343269009521086
2014,City of London,1,0.022117399767414378,1,0.024007935274034362,0,0.0,0,0.0,1,0.02343269009521086
2014,Ealing,2,0.022117399767414378,3,0.024007935274034362,0,0.0,0,0.0,3,0.02343269009521086
2014,Enfield,1,0.022117399767414378,1,0.024007935274034362,0,0.0,0,0.0,1,0.02343269009521086
2014,Greenwich,0,0.022117399767414378,0,0.024007935274034362,0,0.0,0,0.0,0,0.02343269009521086
2014,Hammersmith & Fulham,2,0.022117399767414378,3,0.024007935274034362,0,0.0,0,0.0,3,0.02343269009521086
2014,Haringey,1,0.022117399767414378,1,0.024007935274034362,0,0.0,0,0.0,1,0.02343269009521086
2014,Harrow,2,0.022117399767414378,2,0.024007935274034362,0,0.0,0,0.0,2,0.02343269009521086
2014,Havering,0,0.022117399767414378,0,0.024007935274034362,0,0.0,0,0.0,0,0.02343269009521086
2014,Hillingdon,2,0.022117399767414378,2,0.024007935274034362,0,0.0,0,0.0,3,0.02343269009521086
2014,Hounslow,2,0.022117399767414378,3,0.024007935274034362,0,0.0,0,0.0,3,0.02343269009521086
2014,Islington,1,0.022117399767414378,1,0.024007935274034362,0,0.0,0,0.0,1,0.02343269009521086
2014,Kensington & Chelsea,2,0.022117399767414378,3,0.024007935274034362,0,0.0,0,0.0,3,0.02343269009521086
2014,Lambeth,1,0.022117399767414378,1,0.024007935274034362,0,0.0,0,0.0,1,0.02343269009521086
2014,Merton,2,0.022117399767414378,3,0.024007935274034362,0,0.0,0,0.0,3,0.02343269009521086
2014,Newham,0,0.022117399767414378,0,0.024007935274034362,0,0.0,0,0.0,0,0.02343269009521086
2014,Out of London,0,0.022117399767414378,2,0.024007935274034362,0,0.0,0,0.0,2,0.02343269009521086
2014,Redbridge,0,0.022117399767414378,0,0.024007935274034362,0,0.0,0,0.0,0,0.02343269009521086
2014,Richmond upon Thames,2,0.022117399767414378,3,0.024007935274034362,0,0.0,0,0.0,3,0.02343269009521086
2014,Southwark,0,0.022117399767414378,0,0.024007935274034362,0,0.0,0,0.0,0,0.02343269009521086
2014,Tower Hamlets,0,0.022117399767414378,0,0.024007935274034362,0,0.0,0,0.0,0,0.02343269009521086
2014,Waltham Forest,1,0.022117399767414378,1,0.024007935274034362,0,0.0,0,0.0,1,0.02343269009521086
2014,Wandsworth,1,0.022117399767414378,3,0.024007935274034362,0,0.0,0,0.0,3,0.02343269009521086
2014,Westminster,1,0.022117399767414378,1,0.024007935274034362,0,0.0,0,0.0,1,0.02343269009521086
2014,Hackney,1,0.022117399767414378,1,0.024007935274034362,0,0.0,0,0.0,1,0.02343269009521086
2015,Barking & Dagenham,0,0.023096581767778002,0,0.023653498675775375,0,0.0,0,0.0,0,0.02388245340461871
2015,Barnet,1,0.023096581767778002,1,0.023653498675775375,0,0.0,0,0.0,1,0.02388245340461871
2015,Brent,2,0.023096581767778002,2,0.023653498675775375,0,0.0,0,0.0,2,0.02388245340461871
2015,Camden,1,0.023096581767778002,1,0.023653498675775375,0,0.0,0,0.0,1,0.02388245340461871
2015,City of London,1,0.023096581767778002,1,0.023653498675775375,0,0.0,0,0.0,1,0.02388245340461871
2015,Ealing,2,0.023096581767778002,3,0.023653498675775375,0,0.0,0,0.0,3,0.02388245340461871
2015,Enfield,1,0.023096581767778002,1,0.023653498675775375,0,0.0,0,0.0,1,0.02388245340461871
2015,Greenwich,0,0.023096581767778002,0,0.023653498675775375,0,0.0,0,0.0,0,0.02388245340461871
2015,Hammersmith & Fulham,2,0.023096581767778002,3,0.023653498675775375,0,0.0,0,0.0,3,0.02388245340461871
2015,Haringey,1,0.023096581767778002,1,0.023653498675775375,0,0.0,0,0.0,1,0.02388245340461871
2015,Harrow,2,0.023096581767778002,2,0.023653498675775375,0,0.0,0,0.0,2,0.02388245340461871
2015,Havering,0,0.023096581767778002,0,0.023653498675775375,0,0.0,0,0.0,0,0.02388245340461871
2015,Hillingdon,2,0.023096581767778002,2,0.023653498675775375,0,0.0,0,0.0,2,0.02388245340461871
2015,Hounslow,2,0.023096581767778002,3,0.023653498675775375,0,0.0,0,0.0,3,0.02388245340461871
2015,Islington,1,0.023096581767778002,1,0.023653498675775375,0,0.0,0,0.0,1,0.02388245340461871
2015,Kensington & Chelsea,2,0.023096581767778002,3,0.023653498675775375,0,0.0,0,0.0,3,0.02388245340461871
2015,Lambeth,1,0.023096581767778002,1,0.023653498675775375,0,0.0,0,0.0,1,0.02388245340461871
2015,Merton,3,0.023096581767778002,3,0.023653498675775375,0,0.0,0,0.0,3,0.02388245340461871
2015,Newham,0,0.023096581767778002,0,0.023653498675775375,0,0.0,0,0.0,0,0.02388245340461871
2015,Out of London,0,0.023096581767778002,2,0.023653498675775375,0,0.0,0,0.0,2,0.02388245340461871
2015,Redbridge,0,0.023096581767778002,0,0.023653498675775375,0,0.0,0,0.0,0,0.02388245340461871
2015,Richmond upon Thames,2,0.023096581767778002,3,0.023653498675775375,0,0.0,0,0.0,3,0.02388245340461871
2015,Southwark,0,0.023096581767778002,0,0.023653498675775375,0,0.0,0,0.0,0,0.02388245340461871
2015,Tower Hamlets,0,0.023096581767778002,0,0.023653498675775375,0,0.0,0,0.0,0,0.02388245340461871
2015,Waltham Forest,0,0.023096581767778002,1,0.023653498675775375,0,0.0,0,0.0,0,0.02388245340461871
2015,Wandsworth,3,0.023096581767778002,3,0.023653498675775375,0,0.0,0,0.0,3,0.02388245340461871
2015,Westminster,1,0.023096581767778002,1,0.023653498675775375,0,0.0,0,0.0,1,0.02388245340461871
2015,Hackney,1,0.023096581767778002,1,0.023653498675775375,0,0.0,0,0.0,1,0.02388245340461871
2012,Barking & Dagenham,0,0.023226529046310725,0,0.023096581767778002,0,0.0,0,0.0,0,0.023096581767778002
2012,Barnet,1,0.023226529046310725,1,0.023096581767778002,0,0.0,0,0.0,1,0.023096581767778002
2012,Brent,1,0.023226529046310725,2,0.023096581767778002,0,0.0,0,0.0,2,0.023096581767778002
2012,Camden,1,0.023226529046310725,1,0.023096581767778002,0,0.0,0,0.0,1,0.023096581767778002
2012,City of London,1,0.023226529046310725,1,0.023096581767778002,0,0.0,0,0.0,1,0.023096581767778002
2012,Ealing,2,0.023226529046310725,2,0.023096581767778002,0,0.0,0,0.0,2,0.023096581767778002
2012,Enfield,1,0.023226529046310725,1,0.023096581767778002,0,0.0,0,0.0,1,0.023096581767778002
2012,Greenwich,0,0.023226529046310725,0,0.023096581767778002,0,0.0,0,0.0,0,0.023096581767778002
2012,Hammersmith & Fulham,2,0.023226529046310725,2,0.023096581767778002,0,0.0,0,0.0,2,0.023096581767778002
2012,Haringey,1,0.023226529046310725,1,0.023096581767778002,0,0.0,0,0.0,1,0.023096581767778002
2012,Harrow,2,0.023226529046310725,2,0.023096581767778002,0,0.0,0,0.0,2,0.023096581767778002
2012,Havering,0,0.023226529046310725,0,0.023096581767778002,0,0.0,0,0.0,0,0.023096581767778002
2012,Hillingdon,2,0.023226529046310725,2,0.023096581767778002,0,0.0,0,0.0,2,0.023096581767778002
2012,Hounslow,2,0.023226529046310725,2,0.023096581767778002,0,0.0,0,0.0,2,0.023096581767778002
2012,Islington,1,0.023226529046310725,1,0.023096581767778002,0,0.0,0,0.0,1,0.023096581767778002
2012,Kensington & Chelsea,2,0.023226529046310725,2,0.023096581767778002,0,0.0,0,0.0,2,0.023096581767778002
2012,Lambeth,1,0.023226529046310725,1,0.023096581767778002,0,0.0,0,0.0,1,0.023096581767778002
2012,Merton,3,0.023226529046310725,3,0.023096581767778002,0,0.0,0,0.0,3,0.023096581767778002
2012,Newham,0,0.023226529046310725,0,0.023096581767778002,0,0.0,0,0.0,0,0.023096581767778002
2012,Out of London,0,0.023226529046310725,0,0.023096581767778002,0,0.0,0,0.0,0,0.023096581767778002
2012,Redbridge,0,0.023226529046310725,0,0.023096581767778002,0,0.0,0,0.0,0,0.023096581767778002
2012,Southwark,0,0.023226529046310725,0,0.023096581767778002,0,0.0,0,0.0,0,0.023096581767778002
2012,Tower Hamlets,0,0.023226529046310725,0,0.023096581767778002,0,0.0,0,0.0,0,0.023096581767778002
2012,Waltham Forest,0,0.023226529046310725,0,0.023096581767778002,0,0.0,0,0.0,0,0.023096581767778002
2012,Wandsworth,3,0.023226529046310725,3,0.023096581767778002,0,0.0,0,0.0,3,0.023096581767778002
2012,Westminster,1,0.023226529046310725,1,0.023096581767778002,0,0.0,0,0.0,1,0.023096581767778002
2012,Hackney,1,0.023226529046310725,1,0.023096581767778002,0,0.0,0,0.0,1,0.023096581767778002
2012,Richmond upon Thames,2,0.023226529046310725,2,0.023096581767778002,0,0.0,0,0.0,2,0.023096581767778002
2008,Barking & Dagenham,0,0.02502777707633642,0,0.026713340572207762,0,0.0,0,0.0,0,0.026236711194161728
2008,Barnet,1,0.02502777707633642,1,0.026713340572207762,0,0.0,0,0.0,1,0.026236711194161728
2008,Brent,1,0.02502777707633642,2,0.026713340572207762,0,0.0,0,0.0,2,0.026236711194161728
2008,Camden,1,0.02502777707633642,1,0.026713340572207762,0,0.0,0,0.0,1,0.026236711194161728
2008,City of London,1,0.02502777707633642,1,0.026713340572207762,0,0.0,0,0.0,1,0.026236711194161728
2008,Ealing,2,0.02502777707633642,3,0.026713340572207762,0,0.0,0,0.0,3,0.026236711194161728
2008,Enfield,1,0.02502777707633642,1,0.026713340572207762,0,0.0,0,0.0,1,0.026236711194161728
2008,Greenwich,0,0.02502777707633642,0,0.026713340572207762,0,0.0,0,0.0,0,0.026236711194161728
2008,Hammersmith & Fulham,2,0.02502777707633642,3,0.026713340572207762,0,0.0,0,0.0,3,0.026236711194161728
2008,Haringey,1,0.02502777707633642,1,0.026713340572207762,0,0.0,0,0.0,1,0.026236711194161728
2008,Harrow,2,0.02502777707633642,2,0.026713340572207762,0,0.0,0,0.0,2,0.026236711194161728
2008,Havering,0,0.02502777707633642,0,0.026713340572207762,0,0.0,0,0.0,0,0.026236711194161728
2008,Hillingdon,2,0.02502777707633642,2,0.026713340572207762,0,0.0,0,0.0,3,0.026236711194161728
2008,Hounslow,2,0.02502777707633642,3,0.026713340572207762,0,0.0,0,0.0,3,0.026236711194161728
2008,Islington,1,0.02502777707633642,1,0.026713340572207762,0,0.0,0,0.0,1,0.026236711194161728
2008,Kensington & Chelsea,2,0.02502777707633642,3,0.026713340572207762,0,0.0,0,0.0,3,0.026236711194161728
2008,Lambeth,1,0.02502777707633642,1,0.026713340572207762,0,0.0,0,0.0,1,0.026236711194161728
2008,Merton,2,0.02502777707633642,3,0.026713340572207762,0,0.0,0,0.0,3,0.026236711194161728
2008,Newham,0,0.02502777707633642,0,0.026713340572207762,0,0.0,0,0.0,0,0.026236711194161728
2008,Out of London,0,0.02502777707633642,2,0.026713340572207762,0,0.0,0,0.0,2,0.026236711194161728
2008,Redbridge,0,0.02502777707633642,0,0.026713340572207762,0,0.0,0,0.0,0,0.026236711194161728
2008,Southwark,0,0.02502777707633642,0,0.026713340572207762,0,0.0,0,0.0,0,0.026236711194161728
2008,Tower Hamlets,0,0.02502777707633642,0,0.026713340572207762,0,0.0,0,0.0,0,0.026236711194161728
2008,Waltham Forest,0,0.02502777707633642,0,0.026713340572207762,0,0.0,0,0.0,0,0.026236711194161728
2008,Wandsworth,2,0.02502777707633642,3,0.026713340572207762,0,0.0,0,0.0,3,0.026236711194161728
2008,Westminster,1,0.02502777707633642,1,0.026713340572207762,0,0.0,0,0.0,1,0.026236711194161728
2008,Hackney,1,0.02502777707633642,1,0.026713340572207762,0,0.0,0,0.0,1,0.026236711194161728
2008,Richmond upon Thames,2,0.02502777707633642,3,0.026713340572207762,0,0.0,0,0.0,3,0.026236711194161728
2001,Barking & Dagenham,0,0.020574619506158864,0,0.02403251235859069,0,0.0,0,0.0,0,0.024783135784322955
2001,Barnet,1,0.020574619506158864,1,0.02403251235859069,0,0.0,0,0.0,1,0.024783135784322955
2001,Brent,1,0.020574619506158864,2,0.02403251235859069,0,0.0,0,0.0,2,0.024783135784322955
2001,Camden,1,0.020574619506158864,1,0.02403251235859069,0,0.0,0,0.0,1,0.024783135784322955
2001,City of London,1,0.020574619506158864,0,0.02403251235859069,0,0.0,0,0.0,1,0.024783135784322955
2001,Ealing,2,0.020574619506158864,3,0.02403251235859069,0,0.0,0,0.0,3,0.024783135784322955
2001,Greenwich,0,0.020574619506158864,0,0.02403251235859069,0,0.0,0,0.0,0,0.024783135784322955
2001,Hackney,1,0.020574619506158864,1,0.02403251235859069,0,0.0,0,0.0,1,0.024783135784322955
2001,Hammersmith & Fulham,2,0.020574619506158864,3,0.02403251235859069,0,0.0,0,0.0,3,0.024783135784322955
2001,Haringey,1,0.020574619506158864,1,0.02403251235859069,0,0.0,0,0.0,1,0.024783135784322955
2001,Harrow,2,0.020574619506158864,2,0.02403251235859069,0,0.0,0,0.0,2,0.024783135784322955
2001,Havering,0,0.020574619506158864,0,0.02403251235859069,0,0.0,0,0.0,0,0.024783135784322955
2001,Hillingdon,2,0.020574619506158864,2,0.02403251235859069,0,0.0,0,0.0,3,0.024783135784322955
2001,Hounslow,2,0.020574619506158864,3,0.02403251235859069,0,0.0,0,0.0,3,0.024783135784322955
2001,Islington,1,0.020574619506158864,1,0.02403251235859069,0,0.0,0,0.0,1,0.024783135784322955
2001,Kensington & Chelsea,2,0.020574619506158864,3,0.02403251235859069,0,0.0,0,0.0,3,0.024783135784322955
2001,Lambeth,1,0.020574619506158864,1,0.02403251235859069,0,0.0,0,0.0,4,0.024783135784322955
2001,Merton,2,0.020574619506158864,3,0.02403251235859069,0,0.0,0,0.0,3,0.024783135784322955
2001,Newham,0,0.020574619506158864,0,0.02403251235859069,0,0.0,0,0.0,0,0.024783135784322955
2001,Out of London,0,0.020574619506158864,0,0.02403251235859069,0,0.0,0,0.0,0,0.024783135784322955
2001,Redbridge,0,0.020574619506158864,0,0.02403251235859069,0,0.0,0,0.0,0,0.024783135784322955
2001,Richmond upon Thames,2,0.020574619506158864,3,0.02403251235859069,0,0.0,0,0.0,3,0.024783135784322955
2001,Southwark,1,0.020574619506158864,0,0.02403251235859069,0,0.0,0,0.0,0,0.024783135784322955
2001,Tower Hamlets,0,0.020574619506158864,0,0.02403251235859069,0,0.0,0,0.0,0,0.024783135784322955
2001,Waltham Forest,1,0.020574619506158864,1,0.02403251235859069,0,0.0,0,0.0,1,0.024783135784322955
2001,Wandsworth,1,0.020574619506158864,3,0.02403251235859069,0,0.0,0,0.0,4,0.024783135784322955
2001,Westminster,1,0.020574619506158864,1,0.02403251235859069,0,0.0,0,0.0,4,0.024783135784322955
2001,Enfield,1,0.020574619506158864,1,0.02403251235859069,0,0.0,0,0.0,1,0.024783135784322955
2006,Barking & Dagenham,0,0.02502777707633642,0,0.026025226635690988,0,0.0,0,0.0,0,0.026025226635690988
2006,Barnet,1,0.02502777707633642,1,0.026025226635690988,0,0.0,0,0.0,1,0.026025226635690988
2006,Brent,1,0.02502777707633642,2,0.026025226635690988,0,0.0,0,0.0,2,0.026025226635690988
2006,Camden,1,0.02502777707633642,1,0.026025226635690988,0,0.0,0,0.0,1,0.026025226635690988
2006,City of London,1,0.02502777707633642,1,0.026025226635690988,0,0.0,0,0.0,1,0.026025226635690988
2006,Ealing,2,0.02502777707633642,3,0.026025226635690988,0,0.0,0,0.0,3,0.026025226635690988
2006,Enfield,1,0.02502777707633642,1,0.026025226635690988,0,0.0,0,0.0,1,0.026025226635690988
2006,Greenwich,0,0.02502777707633642,0,0.026025226635690988,0,0.0,0,0.0,0,0.026025226635690988
2006,Hammersmith & Fulham,2,0.02502777707633642,3,0.026025226635690988,0,0.0,0,0.0,3,0.026025226635690988
2006,Haringey,1,0.02502777707633642,1,0.026025226635690988,0,0.0,0,0.0,1,0.026025226635690988
2006,Harrow,2,0.02502777707633642,2,0.026025226635690988,0,0.0,0,0.0,2,0.026025226635690988
2006,Havering,0,0.02502777707633642,0,0.026025226635690988,0,0.0,0,0.0,0,0.026025226635690988
2006,Hillingdon,2,0.02502777707633642,3,0.026025226635690988,0,0.0,0,0.0,3,0.026025226635690988
2006,Hounslow,2,0.02502777707633642,3,0.026025226635690988,0,0.0,0,0.0,3,0.026025226635690988
2006,Islington,1,0.02502777707633642,1,0.026025226635690988,0,0.0,0,0.0,1,0.026025226635690988
2006,Kensington & Chelsea,2,0.02502777707633642,3,0.026025226635690988,0,0.0,0,0.0,3,0.026025226635690988
2006,Lambeth,1,0.02502777707633642,1,0.026025226635690988,0,0.0,0,0.0,1,0.026025226635690988
2006,Merton,2,0.02502777707633642,3,0.026025226635690988,0,0.0,0,0.0,3,0.026025226635690988
2006,Newham,0,0.02502777707633642,0,0.026025226635690988,0,0.0,0,0.0,0,0.026025226635690988
2006,Out of London,0,0.02502777707633642,0,0.026025226635690988,0,0.0,0,0.0,0,0.026025226635690988
2006,Redbridge,0,0.02502777707633642,0,0.026025226635690988,0,0.0,0,0.0,0,0.026025226635690988
2006,Southwark,0,0.02502777707633642,0,0.026025226635690988,0,0.0,0,0.0,0,0.026025226635690988
2006,Tower Hamlets,0,0.02502777707633642,0,0.026025226635690988,0,0.0,0,0.0,0,0.026025226635690988
2006,Waltham Forest,0,0.02502777707633642,0,0.026025226635690988,0,0.0,0,0.0,0,0.026025226635690988
2006,Wandsworth,2,0.02502777707633642,3,0.026025226635690988,0,0.0,0,0.0,3,0.026025226635690988
2006,Westminster,1,0.02502777707633642,1,0.026025226635690988,0,0.0,0,0.0,1,0.026025226635690988
2006,Hackney,1,0.02502777707633642,1,0.026025226635690988,0,0.0,0,0.0,1,0.026025226635690988
2006,Richmond upon Thames,2,0.02502777707633642,3,0.026025226635690988,0,0.0,0,0.0,3,0.026025226635690988
2007,Barking & Dagenham,0,0.025813881186988106,0,0.026962292762469187,0,0.0,0,0.0,0,0.026962292762469187
2007,Barnet,1,0.025813881186988106,1,0.026962292762469187,0,0.0,0,0.0,1,0.026962292762469187
2007,Brent,2,0.025813881186988106,2,0.026962292762469187,0,0.0,0,0.0,2,0.026962292762469187
2007,Camden,1,0.025813881186988106,1,0.026962292762469187,0,0.0,0,0.0,1,0.026962292762469187
2007,City of London,1,0.025813881186988106,1,0.026962292762469187,0,0.0,0,0.0,1,0.026962292762469187
2007,Ealing,3,0.025813881186988106,3,0.026962292762469187,0,0.0,0,0.0,3,0.026962292762469187
2007,Enfield,1,0.025813881186988106,1,0.026962292762469187,0,0.0,0,0.0,1,0.026962292762469187
2007,Greenwich,0,0.025813881186988106,0,0.026962292762469187,0,0.0,0,0.0,0,0.026962292762469187
2007,Hammersmith & Fulham,3,0.025813881186988106,3,0.026962292762469187,0,0.0,0,0.0,3,0.026962292762469187
2007,Haringey,1,0.025813881186988106,1,0.026962292762469187,0,0.0,0,0.0,1,0.026962292762469187
2007,Harrow,2,0.025813881186988106,2,0.026962292762469187,0,0.0,0,0.0,2,0.026962292762469187
2007,Havering,0,0.025813881186988106,0,0.026962292762469187,0,0.0,0,0.0,0,0.026962292762469187
2007,Hillingdon,3,0.025813881186988106,3,0.026962292762469187,0,0.0,0,0.0,3,0.026962292762469187
2007,Hounslow,3,0.025813881186988106,3,0.026962292762469187,0,0.0,0,0.0,3,0.026962292762469187
2007,Islington,1,0.025813881186988106,1,0.026962292762469187,0,0.0,0,0.0,1,0.026962292762469187
2007,Kensington & Chelsea,3,0.025813881186988106,3,0.026962292762469187,0,0.0,0,0.0,3,0.026962292762469187
2007,Lambeth,1,0.025813881186988106,1,0.026962292762469187,0,0.0,0,0.0,1,0.026962292762469187
2007,Merton,3,0.025813881186988106,3,0.026962292762469187,0,0.0,0,0.0,3,0.026962292762469187
2007,Newham,0,0.025813881186988106,0,0.026962292762469187,0,0.0,0,0.0,0,0.026962292762469187
2007,Out of London,1,0.025813881186988106,0,0.026962292762469187,0,0.0,0,0.0,0,0.026962292762469187
2007,Redbridge,0,0.025813881186988106,0,0.026962292762469187,0,0.0,0,0.0,0,0.026962292762469187
2007,Southwark,0,0.025813881186988106,0,0.026962292762469187,0,0.0,0,0.0,0,0.026962292762469187
2007,Tower Hamlets,0,0.025813881186988106,0,0.026962292762469187,0,0.0,0,0.0,0,0.026962292762469187
2007,Waltham Forest,1,0.025813881186988106,0,0.026962292762469187,0,0.0,0,0.0,0,0.026962292762469187
2007,Wandsworth,3,0.025813881186988106,3,0.026962292762469187,0,0.0,0,0.0,3,0.026962292762469187
2007,Westminster,1,0.025813881186988106,1,0.026962292762469187,0,0.0,0,0.0,1,0.026962292762469187
2007,Hackney,1,0.025813881186988106,1,0.026962292762469187,0,0.0,0,0.0,1,0.026962292762469187
2007,Richmond upon Thames,3,0.025813881186988106,3,0.026962292762469187,0,0.0,0,0.0,3,0.026962292762469187
2000,Barking & Dagenham,0,0.020356177874296083,0,0.020981162091866356,0,0.0,0,0.0,0,0.023708365950354804
2000,Barnet,1,0.020356177874296083,1,0.020981162091866356,0,0.0,0,0.0,1,0.023708365950354804
2000,Brent,1,0.020356177874296083,2,0.020981162091866356,0,0.0,0,0.0,2,0.023708365950354804
2000,Camden,1,0.020356177874296083,1,0.020981162091866356,0,0.0,0,0.0,1,0.023708365950354804
2000,City of London,0,0.020356177874296083,0,0.020981162091866356,0,0.0,0,0.0,0,0.023708365950354804
2000,Ealing,1,0.020356177874296083,2,0.020981162091866356,0,0.0,0,0.0,3,0.023708365950354804
2000,Greenwich,0,0.020356177874296083,0,0.020981162091866356,0,0.0,0,0.0,0,0.023708365950354804
2000,Hackney,1,0.020356177874296083,1,0.020981162091866356,0,0.0,0,0.0,1,0.023708365950354804
2000,Hammersmith & Fulham,1,0.020356177874296083,2,0.020981162091866356,0,0.0,0,0.0,3,0.023708365950354804
2000,Haringey,1,0.020356177874296083,1,0.020981162091866356,0,0.0,0,0.0,1,0.023708365950354804
2000,Harrow,1,0.020356177874296083,2,0.020981162091866356,0,0.0,0,0.0,2,0.023708365950354804
2000,Havering,0,0.020356177874296083,0,0.020981162091866356,0,0.0,0,0.0,0,0.023708365950354804
2000,Hillingdon,1,0.020356177874296083,2,0.020981162091866356,0,0.0,0,0.0,2,0.023708365950354804
2000,Hounslow,1,0.020356177874296083,2,0.020981162091866356,0,0.0,0,0.0,3,0.023708365950354804
2000,Islington,1,0.020356177874296083,1,0.020981162091866356,0,0.0,0,0.0,1,0.023708365950354804
2000,Kensington & Chelsea,1,0.020356177874296083,2,0.020981162091866356,0,0.0,0,0.0,3,0.023708365950354804
2000,Lambeth,0,0.020356177874296083,0,0.020981162091866356,0,0.0,0,0.0,3,0.023708365950354804
2000,Merton,2,0.020356177874296083,2,0.020981162091866356,0,0.0,0,0.0,3,0.023708365950354804
2000,Newham,0,0.020356177874296083,0,0.020981162091866356,0,0.0,0,0.0,0,0.023708365950354804
2000,Out of London,0,0.020356177874296083,0,0.020981162091866356,0,0.0,0,0.0,0,0.023708365950354804
2000,Redbridge,0,0.020356177874296083,0,0.020981162091866356,0,0.0,0,0.0,0,0.023708365950354804
2000,Richmond upon Thames,1,0.020356177874296083,2,0.020981162091866356,0,0.0,0,0.0,3,0.023708365950354804
2000,Southwark,0,0.020356177874296083,0,0.020981162091866356,0,0.0,0,0.0,0,0.023708365950354804
2000,Tower Hamlets,0,0.020356177874296083,0,0.020981162091866356,0,0.0,0,0.0,0,0.023708365950354804
2000,Waltham Forest,1,0.020356177874296083,1,0.020981162091866356,0,0.0,0,0.0,1,0.023708365950354804
2000,Wandsworth,2,0.020356177874296083,2,0.020981162091866356,0,0.0,0,0.0,3,0.023708365950354804
2000,Westminster,1,0.020356177874296083,2,0.020981162091866356,0,0.0,0,0.0,3,0.023708365950354804
2000,Enfield,1,0.020356177874296083,1,0.020981162091866356,0,0.0,0,0.0,1,0.023708365950354804
2009,Barking & Dagenham,0,0.022263543137169606,0,0.023939527739255357,0,0.0,0,0.0,0,0.025581308573951658
2009,Barnet,1,0.022263543137169606,1,0.023939527739255357,0,0.0,0,0.0,1,0.025581308573951658
2009,Brent,2,0.022263543137169606,2,0.023939527739255357,0,0.0,0,0.0,2,0.025581308573951658
2009,Camden,1,0.022263543137169606,1,0.023939527739255357,0,0.0,0,0.0,1,0.025581308573951658
2009,City of London,1,0.022263543137169606,1,0.023939527739255357,0,0.0,0,0.0,1,0.025581308573951658
2009,Ealing,2,0.022263543137169606,2,0.023939527739255357,0,0.0,0,0.0,3,0.025581308573951658
2009,Enfield,1,0.022263543137169606,1,0.023939527739255357,0,0.0,0,0.0,1,0.025581308573951658
2009,Greenwich,0,0.022263543137169606,0,0.023939527739255357,0,0.0,0,0.0,0,0.025581308573951658
2009,Hammersmith & Fulham,2,0.022263543137169606,2,0.023939527739255357,0,0.0,0,0.0,3,0.025581308573951658
2009,Haringey,1,0.022263543137169606,1,0.023939527739255357,0,0.0,0,0.0,1,0.025581308573951658
2009,Harrow,2,0.022263543137169606,2,0.023939527739255357,0,0.0,0,0.0,2,0.025581308573951658
2009,Havering,0,0.022263543137169606,0,0.023939527739255357,0,0.0,0,0.0,0,0.025581308573951658
2009,Hillingdon,2,0.022263543137169606,2,0.023939527739255357,0,0.0,0,0.0,2,0.025581308573951658
2009,Hounslow,2,0.022263543137169606,2,0.023939527739255357,0,0.0,0,0.0,3,0.025581308573951658
2009,Islington,1,0.022263543137169606,1,0.023939527739255357,0,0.0,0,0.0,1,0.025581308573951658
2009,Kensington & Chelsea,1,0.022263543137169606,2,0.023939527739255357,0,0.0,0,0.0,3,0.025581308573951658
2009,Lambeth,1,0.022263543137169606,1,0.023939527739255357,0,0.0,0,0.0,1,0.025581308573951658
2009,Merton,1,0.022263543137169606,3,0.023939527739255357,0,0.0,0,0.0,4,0.025581308573951658
2009,Newham,0,0.022263543137169606,0,0.023939527739255357,0,0.0,0,0.0,0,0.025581308573951658
2009,Out of London,0,0.022263543137169606,0,0.023939527739255357,0,0.0,0,0.0,0,0.025581308573951658
2009,Redbridge,0,0.022263543137169606,0,0.023939527739255357,0,0.0,0,0.0,0,0.025581308573951658
2009,Southwark,0,0.022263543137169606,0,0.023939527739255357,0,0.0,0,0.0,0,0.025581308573951658
2009,Tower Hamlets,0,0.022263543137169606,0,0.023939527739255357,0,0.0,0,0.0,0,0.025581308573951658
2009,Waltham Forest,0,0.022263543137169606,0,0.023939527739255357,0,0.0,0,0.0,0,0.025581308573951658
2009,Wandsworth,1,0.022263543137169606,3,0.023939527739255357,0,0.0,0,0.0,4,0.025581308573951658
2009,Westminster,1,0.022263543137169606,1,0.023939527739255357,0,0.0,0,0.0,3,0.025581308573951658
2009,Hackney,1,0.022263543137169606,1,0.023939527739255357,0,0.0,0,0.0,1,0.025581308573951658
2009,Richmond upon Thames,2,0.022263543137169606,2,0.023939527739255357,0,0.0,0,0.0,3,0.025581308573951658
2017,Barking & Dagenham,0,0.020451452813575625,0,0.022772752741535285,0,0.0,0,0.0,0,0.022772752741535285
2017,Barnet,1,0.020451452813575625,1,0.022772752741535285,0,0.0,0,0.0,1,0.022772752741535285
2017,Brent,2,0.020451452813575625,2,0.022772752741535285,0,0.0,0,0.0,2,0.022772752741535285
2017,Camden,1,0.020451452813575625,1,0.022772752741535285,0,0.0,0,0.0,1,0.022772752741535285
2017,City of London,1,0.020451452813575625,1,0.022772752741535285,0,0.0,0,0.0,1,0.022772752741535285
2017,Ealing,2,0.020451452813575625,3,0.022772752741535285,0,0.0,0,0.0,3,0.022772752741535285
2017,Enfield,1,0.020451452813575625,1,0.022772752741535285,0,0.0,0,0.0,1,0.022772752741535285
2017,Greenwich,0,0.020451452813575625,0,0.022772752741535285,0,0.0,0,0.0,0,0.022772752741535285
2017,Hackney,1,0.020451452813575625,1,0.022772752741535285,0,0.0,0,0.0,1,0.022772752741535285
2017,Hammersmith & Fulham,2,0.020451452813575625,3,0.022772752741535285,0,0.0,0,0.0,3,0.022772752741535285
2017,Haringey,1,0.020451452813575625,1,0.022772752741535285,0,0.0,0,0.0,1,0.022772752741535285
2017,Harrow,2,0.020451452813575625,2,0.022772752741535285,0,0.0,0,0.0,2,0.022772752741535285
2017,Havering,0,0.020451452813575625,0,0.022772752741535285,0,0.0,0,0.0,0,0.022772752741535285
2017,Hillingdon,2,0.020451452813575625,2,0.022772752741535285,0,0.0,0,0.0,2,0.022772752741535285
2017,Hounslow,2,0.020451452813575625,3,0.022772752741535285,0,0.0,0,0.0,3,0.022772752741535285
2017,Islington,1,0.020451452813575625,1,0.022772752741535285,0,0.0,0,0.0,1,0.022772752741535285
2017,Kensington & Chelsea,2,0.020451452813575625,3,0.022772752741535285,0,0.0,0,0.0,3,0.022772752741535285
2017,Lambeth,1,0.020451452813575625,1,0.022772752741535285,0,0.0,0,0.0,1,0.022772752741535285
2017,Merton,1,0.020451452813575625,3,0.022772752741535285,0,0.0,0,0.0,3,0.022772752741535285
2017,Newham,0,0.020451452813575625,0,0.022772752741535285,0,0.0,0,0.0,0,0.022772752741535285
2017,Out of London,0,0.020451452813575625,2,0.022772752741535285,0,0.0,0,0.0,2,0.022772752741535285
2017,Redbridge,0,0.020451452813575625,0,0.022772752741535285,0,0.0,0,0.0,0,0.022772752741535285
2017,Richmond upon Thames,2,0.020451452813575625,3,0.022772752741535285,0,0.0,0,0.0,3,0.022772752741535285
2017,Southwark,0,0.020451452813575625,0,0.022772752741535285,0,0.0,0,0.0,0,0.022772752741535285
2017,Tower Hamlets,0,0.020451452813575625,0,0.022772752741535285,0,0.0,0,0.0,0,0.022772752741535285
2017,Waltham Forest,1,0.020451452813575625,1,0.022772752741535285,0,0.0,0,0.0,1,0.022772752741535285
2017,Wandsworth,1,0.020451452813575625,3,0.022772752741535285,0,0.0,0,0.0,3,0.022772752741535285
2017,Westminster,1,0.020451452813575625,1,0.022772752741535285,0,0.0,0,0.0,1,0.022772752741535285
2010,Barking & Dagenham,0,0.023226529046310725,0,0.023096581767778002,0,0.0,0,0.0,0,0.02273767976040198
2010,Barnet,1,0.023226529046310725,1,0.023096581767778002,0,0.0,0,0.0,1,0.02273767976040198
2010,Brent,1,0.023226529046310725,2,0.023096581767778002,0,0.0,0,0.0,2,0.02273767976040198
2010,Camden,1,0.023226529046310725,1,0.023096581767778002,0,0.0,0,0.0,1,0.02273767976040198
2010,City of London,1,0.023226529046310725,1,0.023096581767778002,0,0.0,0,0.0,1,0.02273767976040198
2010,Ealing,2,0.023226529046310725,2,0.023096581767778002,0,0.0,0,0.0,2,0.02273767976040198
2010,Enfield,1,0.023226529046310725,1,0.023096581767778002,0,0.0,0,0.0,1,0.02273767976040198
2010,Greenwich,0,0.023226529046310725,0,0.023096581767778002,0,0.0,0,0.0,0,0.02273767976040198
2010,Hammersmith & Fulham,2,0.023226529046310725,2,0.023096581767778002,0,0.0,0,0.0,2,0.02273767976040198
2010,Haringey,1,0.023226529046310725,1,0.023096581767778002,0,0.0,0,0.0,1,0.02273767976040198
2010,Harrow,2,0.023226529046310725,2,0.023096581767778002,0,0.0,0,0.0,2,0.02273767976040198
2010,Havering,0,0.023226529046310725,0,0.023096581767778002,0,0.0,0,0.0,0,0.02273767976040198
2010,Hillingdon,2,0.023226529046310725,2,0.023096581767778002,0,0.0,0,0.0,2,0.02273767976040198
2010,Hounslow,2,0.023226529046310725,2,0.023096581767778002,0,0.0,0,0.0,2,0.02273767976040198
2010,Islington,1,0.023226529046310725,1,0.023096581767778002,0,0.0,0,0.0,1,0.02273767976040198
2010,Kensington & Chelsea,2,0.023226529046310725,2,0.023096581767778002,0,0.0,0,0.0,2,0.02273767976040198
2010,Lambeth,1,0.023226529046310725,1,0.023096581767778002,0,0.0,0,0.0,1,0.02273767976040198
2010,Merton,3,0.023226529046310725,3,0.023096581767778002,0,0.0,0,0.0,3,0.02273767976040198
2010,Newham,0,0.023226529046310725,0,0.023096581767778002,0,0.0,0,0.0,0,0.02273767976040198
2010,Out of London,0,0.023226529046310725,0,0.023096581767778002,0,0.0,0,0.0,0,0.02273767976040198
2010,Redbridge,0,0.023226529046310725,0,0.023096581767778002,0,0.0,0,0.0,0,0.02273767976040198
2010,Southwark,0,0.023226529046310725,0,0.023096581767778002,0,0.0,0,0.0,0,0.02273767976040198
2010,Tower Hamlets,0,0.023226529046310725,0,0.023096581767778002,0,0.0,0,0.0,0,0.02273767976040198
2010,Waltham Forest,0,0.023226529046310725,0,0.023096581767778002,0,0.0,0,0.0,0,0.02273767976040198
2010,Wandsworth,3,0.023226529046310725,3,0.023096581767778002,0,0.0,0,0.0,3,0.02273767976040198
2010,Westminster,1,0.023226529046310725,1,0.023096581767778002,0,0.0,0,0.0,2,0.02273767976040198
2010,Hackney,1,0.023226529046310725,1,0.023096581767778002,0,0.0,0,0.0,1,0.02273767976040198
2010,Richmond upon Thames,2,0.023226529046310725,2,0.023096581767778002,0,0.0,0,0.0,2,0.02273767976040198
2011,Barking & Dagenham,0,0.023226529046310725,0,0.023096581767778002,0,0.0,0,0.0,0,0.02273767976040198
2011,Barnet,1,0.023226529046310725,1,0.023096581767778002,0,0.0,0,0.0,1,0.02273767976040198
2011,Brent,1,0.023226529046310725,2,0.023096581767778002,0,0.0,0,0.0,2,0.02273767976040198
2011,Camden,1,0.023226529046310725,1,0.023096581767778002,0,0.0,0,0.0,1,0.02273767976040198
2011,City of London,1,0.023226529046310725,1,0.023096581767778002,0,0.0,0,0.0,1,0.02273767976040198
2011,Ealing,2,0.023226529046310725,2,0.023096581767778002,0,0.0,0,0.0,2,0.02273767976040198
2011,Enfield,1,0.023226529046310725,1,0.023096581767778002,0,0.0,0,0.0,1,0.02273767976040198
2011,Greenwich,0,0.023226529046310725,0,0.023096581767778002,0,0.0,0,0.0,0,0.02273767976040198
2011,Hammersmith & Fulham,2,0.023226529046310725,2,0.023096581767778002,0,0.0,0,0.0,2,0.02273767976040198
2011,Haringey,1,0.023226529046310725,1,0.023096581767778002,0,0.0,0,0.0,1,0.02273767976040198
2011,Harrow,2,0.023226529046310725,2,0.023096581767778002,0,0.0,0,0.0,2,0.02273767976040198
2011,Havering,0,0.023226529046310725,0,0.023096581767778002,0,0.0,0,0.0,0,0.02273767976040198
2011,Hillingdon,2,0.023226529046310725,2,0.023096581767778002,0,0.0,0,0.0,2,0.02273767976040198
2011,Hounslow,2,0.023226529046310725,2,0.023096581767778002,0,0.0,0,0.0,2,0.02273767976040198
2011,Islington,1,0.023226529046310725,1,0.023096581767778002,0,0.0,0,0.0,1,0.02273767976040198
2011,Kensington & Chelsea,2,0.023226529046310725,2,0.023096581767778002,0,0.0,0,0.0,2,0.02273767976040198
2011,Lambeth,1,0.023226529046310725,1,0.023096581767778002,0,0.0,0,0.0,1,0.02273767976040198
2011,Merton,3,0.023226529046310725,3,0.023096581767778002,0,0.0,0,0.0,3,0.02273767976040198
2011,Newham,0,0.023226529046310725,0,0.023096581767778002,0,0.0,0,0.0,0,0.02273767976040198
2011,Out of London,0,0.023226529046310725,0,0.023096581767778002,0,0.0,0,0.0,0,0.02273767976040198
2011,Redbridge,0,0.023226529046310725,0,0.023096581767778002,0,0.0,0,0.0,0,0.02273767976040198
2011,Southwark,0,0.023226529046310725,0,0.023096581767778002,0,0.0,0,0.0,0,0.02273767976040198
2011,Tower Hamlets,0,0.023226529046310725,0,0.023096581767778002,0,0.0,0,0.0,0,0.02273767976040198
2011,Waltham Forest,0,0.023226529046310725,0,0.023096581767778002,0,0.0,0,0.0,0,0.02273767976040198
2011,Wandsworth,3,0.023226529046310725,3,0.023096581767778002,0,0.0,0,0.0,3,0.02273767976040198
2011,Westminster,1,0.023226529046310725,1,0.023096581767778002,0,0.0,0,0.0,2,0.02273767976040198
2011,Hackney,1,0.023226529046310725,1,0.023096581767778002,0,0.0,0,0.0,1,0.02273767976040198
2011,Richmond upon Thames,2,0.023226529046310725,2,0.023096581767778002,0,0.0,0,0.0,2,0.02273767976040198
2016,Barking & Dagenham,0,0.020451452813575625,0,0.024555289423615664,0,0.0,0,0.0,0,0.022772752741535285
2016,Barnet,1,0.020451452813575625,1,0.024555289423615664,0,0.0,0,0.0,1,0.022772752741535285
2016,Brent,2,0.020451452813575625,2,0.024555289423615664,0,0.0,0,0.0,2,0.022772752741535285
2016,Camden,1,0.020451452813575625,1,0.024555289423615664,0,0.0,0,0.0,1,0.022772752741535285
2016,City of London,1,0.020451452813575625,3,0.024555289423615664,0,0.0,0,0.0,1,0.022772752741535285
2016,Ealing,2,0.020451452813575625,4,0.024555289423615664,0,0.0,0,0.0,3,0.022772752741535285
2016,Enfield,1,0.020451452813575625,1,0.024555289423615664,0,0.0,0,0.0,1,0.022772752741535285
2016,Greenwich,0,0.020451452813575625,0,0.024555289423615664,0,0.0,0,0.0,0,0.022772752741535285
2016,Hackney,1,0.020451452813575625,1,0.024555289423615664,0,0.0,0,0.0,1,0.022772752741535285
2016,Hammersmith & Fulham,2,0.020451452813575625,4,0.024555289423615664,0,0.0,0,0.0,3,0.022772752741535285
2016,Haringey,1,0.020451452813575625,1,0.024555289423615664,0,0.0,0,0.0,1,0.022772752741535285
2016,Harrow,2,0.020451452813575625,2,0.024555289423615664,0,0.0,0,0.0,2,0.022772752741535285
2016,Havering,0,0.020451452813575625,0,0.024555289423615664,0,0.0,0,0.0,0,0.022772752741535285
2016,Hillingdon,2,0.020451452813575625,2,0.024555289423615664,0,0.0,0,0.0,2,0.022772752741535285
2016,Hounslow,2,0.020451452813575625,4,0.024555289423615664,0,0.0,0,0.0,3,0.022772752741535285
2016,Islington,1,0.020451452813575625,1,0.024555289423615664,0,0.0,0,0.0,1,0.022772752741535285
2016,Kensington & Chelsea,2,0.020451452813575625,4,0.024555289423615664,0,0.0,0,0.0,3,0.022772752741535285
2016,Lambeth,1,0.020451452813575625,3,0.024555289423615664,0,0.0,0,0.0,1,0.022772752741535285
2016,Merton,1,0.020451452813575625,3,0.024555289423615664,0,0.0,0,0.0,3,0.022772752741535285
2016,Newham,0,0.020451452813575625,0,0.024555289423615664,0,0.0,0,0.0,0,0.022772752741535285
2016,Out of London,0,0.020451452813575625,2,0.024555289423615664,0,0.0,0,0.0,2,0.022772752741535285
2016,Redbridge,0,0.020451452813575625,0,0.024555289423615664,0,0.0,0,0.0,0,0.022772752741535285
2016,Richmond upon Thames,2,0.020451452813575625,4,0.024555289423615664,0,0.0,0,0.0,3,0.022772752741535285
2016,Southwark,0,0.020451452813575625,0,0.024555289423615664,0,0.0,0,0.0,0,0.022772752741535285
2016,Tower Hamlets,0,0.020451452813575625,0,0.024555289423615664,0,0.0,0,0.0,0,0.022772752741535285
2016,Waltham Forest,1,0.020451452813575625,1,0.024555289423615664,0,0.0,0,0.0,1,0.022772752741535285
2016,Wandsworth,1,0.020451452813575625,3,0.024555289423615664,0,0.0,0,0.0,3,0.022772752741535285
2016,Westminster,1,0.020451452813575625,4,0.024555289423615664,0,0.0,0,0.0,1,0.022772752741535285
2005,Barking & Dagenham,0,0.026467397166405515,0,0.027051120177147264,0,0.0,0,0.0,0,0.026537190135081146
2005,Barnet,1,0.026467397166405515,1,0.027051120177147264,0,0.0,0,0.0,1,0.026537190135081146
2005,Brent,2,0.026467397166405515,2,0.027051120177147264,0,0.0,0,0.0,2,0.026537190135081146
2005,Camden,1,0.026467397166405515,1,0.027051120177147264,0,0.0,0,0.0,1,0.026537190135081146
2005,City of London,1,0.026467397166405515,1,0.027051120177147264,0,0.0,0,0.0,1,0.026537190135081146
2005,Ealing,3,0.026467397166405515,3,0.027051120177147264,0,0.0,0,0.0,3,0.026537190135081146
2005,Enfield,1,0.026467397166405515,1,0.027051120177147264,0,0.0,0,0.0,1,0.026537190135081146
2005,Greenwich,0,0.026467397166405515,0,0.027051120177147264,0,0.0,0,0.0,0,0.026537190135081146
2005,Hammersmith & Fulham,3,0.026467397166405515,3,0.027051120177147264,0,0.0,0,0.0,3,0.026537190135081146
2005,Haringey,1,0.026467397166405515,1,0.027051120177147264,0,0.0,0,0.0,1,0.026537190135081146
2005,Harrow,2,0.026467397166405515,2,0.027051120177147264,0,0.0,0,0.0,2,0.026537190135081146
2005,Havering,0,0.026467397166405515,0,0.027051120177147264,0,0.0,0,0.0,0,0.026537190135081146
2005,Hillingdon,2,0.026467397166405515,2,0.027051120177147264,0,0.0,0,0.0,3,0.026537190135081146
2005,Hounslow,3,0.026467397166405515,3,0.027051120177147264,0,0.0,0,0.0,3,0.026537190135081146
2005,Islington,1,0.026467397166405515,1,0.027051120177147264,0,0.0,0,0.0,1,0.026537190135081146
2005,Kensington & Chelsea,3,0.026467397166405515,3,0.027051120177147264,0,0.0,0,0.0,3,0.026537190135081146
2005,Lambeth,1,0.026467397166405515,1,0.027051120177147264,0,0.0,0,0.0,1,0.026537190135081146
2005,Merton,3,0.026467397166405515,3,0.027051120177147264,0,0.0,0,0.0,3,0.026537190135081146
2005,Newham,0,0.026467397166405515,0,0.027051120177147264,0,0.0,0,0.0,0,0.026537190135081146
2005,Out of London,1,0.026467397166405515,2,0.027051120177147264,0,0.0,0,0.0,0,0.026537190135081146
2005,Redbridge,0,0.026467397166405515,0,0.027051120177147264,0,0.0,0,0.0,0,0.026537190135081146
2005,Southwark,0,0.026467397166405515,0,0.027051120177147264,0,0.0,0,0.0,0,0.026537190135081146
2005,Tower Hamlets,0,0.026467397166405515,0,0.027051120177147264,0,0.0,0,0.0,0,0.026537190135081146
2005,Waltham Forest,1,0.026467397166405515,1,0.027051120177147264,0,0.0,0,0.0,1,0.026537190135081146
2005,Wandsworth,3,0.026467397166405515,3,0.027051120177147264,0,0.0,0,0.0,3,0.026537190135081146
2005,Westminster,1,0.026467397166405515,1,0.027051120177147264,0,0.0,0,0.0,1,0.026537190135081146
2005,Hackney,1,0.026467397166405515,1,0.027051120177147264,0,0.0,0,0.0,1,0.026537190135081146
2005,Richmond upon Thames,3,0.026467397166405515,3,0.027051120177147264,0,0.0,0,0.0,3,0.026537190135081146
2002,Barking & Dagenham,0,0.020471874999999994,0,0.02281562499999997,0,0.0,0,0.0,0,0.023965624999999983
2002,Barnet,1,0.020471874999999994,1,0.02281562499999997,0,0.0,0,0.0,1,0.023965624999999983
2002,Brent,1,0.020471874999999994,2,0.02281562499999997,0,0.0,0,0.0,2,0.023965624999999983
2002,Camden,1,0.020471874999999994,1,0.02281562499999997,0,0.0,0,0.0,1,0.023965624999999983
2002,City of London,1,0.020471874999999994,0,0.02281562499999997,0,0.0,0,0.0,1,0.023965624999999983
2002,Ealing,2,0.020471874999999994,3,0.02281562499999997,0,0.0,0,0.0,3,0.023965624999999983
2002,Enfield,1,0.020471874999999994,1,0.02281562499999997,0,0.0,0,0.0,1,0.023965624999999983
2002,Greenwich,0,0.020471874999999994,0,0.02281562499999997,0,0.0,0,0.0,0,0.023965624999999983
2002,Hammersmith & Fulham,2,0.020471874999999994,3,0.02281562499999997,0,0.0,0,0.0,3,0.023965624999999983
2002,Haringey,1,0.020471874999999994,1,0.02281562499999997,0,0.0,0,0.0,1,0.023965624999999983
2002,Harrow,2,0.020471874999999994,2,0.02281562499999997,0,0.0,0,0.0,2,0.023965624999999983
2002,Havering,0,0.020471874999999994,0,0.02281562499999997,0,0.0,0,0.0,0,0.023965624999999983
2002,Hillingdon,2,0.020471874999999994,3,0.02281562499999997,0,0.0,0,0.0,3,0.023965624999999983
2002,Hounslow,2,0.020471874999999994,3,0.02281562499999997,0,0.0,0,0.0,3,0.023965624999999983
2002,Islington,1,0.020471874999999994,1,0.02281562499999997,0,0.0,0,0.0,1,0.023965624999999983
2002,Kensington & Chelsea,2,0.020471874999999994,3,0.02281562499999997,0,0.0,0,0.0,3,0.023965624999999983
2002,Lambeth,1,0.020471874999999994,1,0.02281562499999997,0,0.0,0,0.0,4,0.023965624999999983
2002,Merton,2,0.020471874999999994,3,0.02281562499999997,0,0.0,0,0.0,3,0.023965624999999983
2002,Newham,0,0.020471874999999994,0,0.02281562499999997,0,0.0,0,0.0,0,0.023965624999999983
2002,Out of London,0,0.020471874999999994,0,0.02281562499999997,0,0.0,0,0.0,0,0.023965624999999983
2002,Redbridge,0,0.020471874999999994,0,0.02281562499999997,0,0.0,0,0.0,0,0.023965624999999983
2002,Southwark,1,0.020471874999999994,0,0.02281562499999997,0,0.0,0,0.0,0,0.023965624999999983
2002,Tower Hamlets,0,0.020471874999999994,0,0.02281562499999997,0,0.0,0,0.0,0,0.023965624999999983
2002,Waltham Forest,0,0.020471874999999994,0,0.02281562499999997,0,0.0,0,0.0,0,0.023965624999999983
2002,Wandsworth,1,0.020471874999999994,1,0.02281562499999997,0,0.0,0,0.0,4,0.023965624999999983
2002,Westminster,1,0.020471874999999994,1,0.02281562499999997,0,0.0,0,0.0,4,0.023965624999999983
2002,Hackney,1,0.020471874999999994,1,0.02281562499999997,0,0.0,0,0.0,1,0.023965624999999983
2002,Richmond upon Thames,2,0.020471874999999994,3,0.02281562499999997,0,0.0,0,0.0,3,0.023965624999999983
2003,Barking & Dagenham,0,0.02031394275161591,0,0.023357265343810645,0,0.0,0,0.0,0,0.023040056281053514
2003,Barnet,1,0.02031394275161591,1,0.023357265343810645,0,0.0,0,0.0,1,0.023040056281053514
2003,Brent,2,0.02031394275161591,2,0.023357265343810645,0,0.0,0,0.0,2,0.023040056281053514
2003,Camden,1,0.02031394275161591,1,0.023357265343810645,0,0.0,0,0.0,1,0.023040056281053514
2003,City of London,1,0.02031394275161591,1,0.023357265343810645,0,0.0,0,0.0,1,0.023040056281053514
2003,Ealing,2,0.02031394275161591,3,0.023357265343810645,0,0.0,0,0.0,3,0.023040056281053514
2003,Enfield,1,0.02031394275161591,1,0.023357265343810645,0,0.0,0,0.0,1,0.023040056281053514
2003,Greenwich,0,0.02031394275161591,0,0.023357265343810645,0,0.0,0,0.0,0,0.023040056281053514
2003,Hammersmith & Fulham,2,0.02031394275161591,3,0.023357265343810645,0,0.0,0,0.0,3,0.023040056281053514
2003,Haringey,1,0.02031394275161591,1,0.023357265343810645,0,0.0,0,0.0,1,0.023040056281053514
2003,Harrow,2,0.02031394275161591,2,0.023357265343810645,0,0.0,0,0.0,2,0.023040056281053514
2003,Havering,0,0.02031394275161591,0,0.023357265343810645,0,0.0,0,0.0,0,0.023040056281053514
2003,Hillingdon,2,0.02031394275161591,3,0.023357265343810645,0,0.0,0,0.0,3,0.023040056281053514
2003,Hounslow,2,0.02031394275161591,3,0.023357265343810645,0,0.0,0,0.0,3,0.023040056281053514
2003,Islington,1,0.02031394275161591,1,0.023357265343810645,0,0.0,0,0.0,1,0.023040056281053514
2003,Kensington & Chelsea,2,0.02031394275161591,3,0.023357265343810645,0,0.0,0,0.0,3,0.023040056281053514
2003,Lambeth,1,0.02031394275161591,1,0.023357265343810645,0,0.0,0,0.0,1,0.023040056281053514
2003,Merton,3,0.02031394275161591,3,0.023357265343810645,0,0.0,0,0.0,3,0.023040056281053514
2003,Newham,0,0.02031394275161591,0,0.023357265343810645,0,0.0,0,0.0,0,0.023040056281053514
2003,Out of London,1,0.02031394275161591,0,0.023357265343810645,0,0.0,0,0.0,0,0.023040056281053514
2003,Redbridge,0,0.02031394275161591,0,0.023357265343810645,0,0.0,0,0.0,0,0.023040056281053514
2003,Southwark,0,0.02031394275161591,0,0.023357265343810645,0,0.0,0,0.0,0,0.023040056281053514
2003,Tower Hamlets,0,0.02031394275161591,0,0.023357265343810645,0,0.0,0,0.0,0,0.023040056281053514
2003,Waltham Forest,1,0.02031394275161591,0,0.023357265343810645,0,0.0,0,0.0,1,0.023040056281053514
2003,Wandsworth,3,0.02031394275161591,3,0.023357265343810645,0,0.0,0,0.0,3,0.023040056281053514
2003,Westminster,1,0.02031394275161591,1,0.023357265343810645,0,0.0,0,0.0,1,0.023040056281053514
2003,Hackney,1,0.02031394275161591,1,0.023357265343810645,0,0.0,0,0.0,1,0.023040056281053514
2003,Richmond upon Thames,2,0.02031394275161591,3,0.023357265343810645,0,0.0,0,0.0,3,0.023040056281053514
2004,Barking & Dagenham,0,0.024828461381491595,0,0.0279021273339455,0,0.0,0,0.0,0,0.022060886644219926
2004,Barnet,1,0.024828461381491595,1,0.0279021273339455,0,0.0,0,0.0,1,0.022060886644219926
2004,Brent,2,0.024828461381491595,2,0.0279021273339455,0,0.0,0,0.0,2,0.022060886644219926
2004,Camden,1,0.024828461381491595,1,0.0279021273339455,0,0.0,0,0.0,1,0.022060886644219926
2004,City of London,0,0.024828461381491595,0,0.0279021273339455,0,0.0,0,0.0,1,0.022060886644219926
2004,Ealing,2,0.024828461381491595,3,0.0279021273339455,0,0.0,0,0.0,3,0.022060886644219926
2004,Enfield,1,0.024828461381491595,1,0.0279021273339455,0,0.0,0,0.0,1,0.022060886644219926
2004,Greenwich,0,0.024828461381491595,0,0.0279021273339455,0,0.0,0,0.0,0,0.022060886644219926
2004,Hammersmith & Fulham,2,0.024828461381491595,3,0.0279021273339455,0,0.0,0,0.0,3,0.022060886644219926
2004,Haringey,1,0.024828461381491595,1,0.0279021273339455,0,0.0,0,0.0,1,0.022060886644219926
2004,Harrow,2,0.024828461381491595,2,0.0279021273339455,0,0.0,0,0.0,2,0.022060886644219926
2004,Havering,0,0.024828461381491595,0,0.0279021273339455,0,0.0,0,0.0,0,0.022060886644219926
2004,Hillingdon,2,0.024828461381491595,3,0.0279021273339455,0,0.0,0,0.0,2,0.022060886644219926
2004,Hounslow,2,0.024828461381491595,3,0.0279021273339455,0,0.0,0,0.0,3,0.022060886644219926
2004,Islington,1,0.024828461381491595,1,0.0279021273339455,0,0.0,0,0.0,1,0.022060886644219926
2004,Kensington & Chelsea,2,0.024828461381491595,3,0.0279021273339455,0,0.0,0,0.0,3,0.022060886644219926
2004,Lambeth,2,0.024828461381491595,1,0.0279021273339455,0,0.0,0,0.0,3,0.022060886644219926
2004,Merton,2,0.024828461381491595,3,0.0279021273339455,0,0.0,0,0.0,3,0.022060886644219926
2004,Newham,0,0.024828461381491595,0,0.0279021273339455,0,0.0,0,0.0,0,0.022060886644219926
2004,Out of London,0,0.024828461381491595,0,0.0279021273339455,0,0.0,0,0.0,1,0.022060886644219926
2004,Redbridge,0,0.024828461381491595,0,0.0279021273339455,0,0.0,0,0.0,1,0.022060886644219926
2004,Southwark,0,0.024828461381491595,0,0.0279021273339455,0,0.0,0,0.0,0,0.022060886644219926
2004,Tower Hamlets,0,0.024828461381491595,0,0.0279021273339455,0,0.0,0,0.0,0,0.022060886644219926
2004,Waltham Forest,1,0.024828461381491595,1,0.0279021273339455,0,0.0,0,0.0,1,0.022060886644219926
2004,Wandsworth,2,0.024828461381491595,3,0.0279021273339455,0,0.0,0,0.0,3,0.022060886644219926
2004,Westminster,2,0.024828461381491595,1,0.0279021273339455,0,0.0,0,0.0,3,0.022060886644219926
2004,Hackney,1,0.024828461381491595,1,0.0279021273339455,0,0.0,0,0.0,1,0.022060886644219926
2004,Richmond upon Thames,2,0.024828461381491595,3,0.0279021273339455,0,0.0,0,0.0,3,0.022060886644219926
2022,Barking & Dagenham,0,0.014828303850156073,0,0.022632674297606698,0,0.0,0,0.0,0,0.022632674297606698
2022,Barnet,1,0.014828303850156073,1,0.022632674297606698,0,0.0,0,0.0,1,0.022632674297606698
2022,Brent,1,0.014828303850156073,2,0.022632674297606698,0,0.0,0,0.0,2,0.022632674297606698
2022,Bromley,0,0.014828303850156073,0,0.022632674297606698,0,0.0,0,0.0,0,0.022632674297606698
2022,Camden,1,0.014828303850156073,1,0.022632674297606698,0,0.0,0,0.0,1,0.022632674297606698
2022,City of London,1,0.014828303850156073,3,0.022632674297606698,0,0.0,0,0.0,3,0.022632674297606698
2022,Croydon,0,0.014828303850156073,0,0.022632674297606698,0,0.0,0,0.0,0,0.022632674297606698
2022,Ealing,1,0.014828303850156073,3,0.022632674297606698,0,0.0,0,0.0,3,0.022632674297606698
2022,Enfield,1,0.014828303850156073,1,0.022632674297606698,0,0.0,0,0.0,1,0.022632674297606698
2022,Greenwich,0,0.014828303850156073,0,0.022632674297606698,0,0.0,0,0.0,0,0.022632674297606698
2022,Hackney,0,0.014828303850156073,1,0.022632674297606698,0,0.0,0,0.0,1,0.022632674297606698
2022,Hammersmith & Fulham,1,0.014828303850156073,3,0.022632674297606698,0,0.0,0,0.0,3,0.022632674297606698
2022,Haringey,1,0.014828303850156073,1,0.022632674297606698,0,0.0,0,0.0,1,0.022632674297606698
2022,Harrow,1,0.014828303850156073,2,0.022632674297606698,0,0.0,0,0.0,2,0.022632674297606698
2022,Havering,0,0.014828303850156073,0,0.022632674297606698,0,0.0,0,0.0,0,0.022632674297606698
2022,Hillingdon,1,0.014828303850156073,2,0.022632674297606698,0,0.0,0,0.0,2,0.022632674297606698
2022,Hounslow,1,0.014828303850156073,3,0.022632674297606698,0,0.0,0,0.0,3,0.022632674297606698
2022,Islington,1,0.014828303850156073,1,0.022632674297606698,0,0.0,0,0.0,1,0.022632674297606698
2022,Kensington & Chelsea,1,0.014828303850156073,3,0.022632674297606698,0,0.0,0,0.0,3,0.022632674297606698
2022,Lambeth,1,0.014828303850156073,3,0.022632674297606698,0,0.0,0,0.0,3,0.022632674297606698
2022,Lewisham,0,0.014828303850156073,0,0.022632674297606698,0,0.0,0,0.0,0,0.022632674297606698
2022,Merton,1,0.014828303850156073,3,0.022632674297606698,0,0.0,0,0.0,3,0.022632674297606698
2022,Newham,0,0.014828303850156073,0,0.022632674297606698,0,0.0,0,0.0,0,0.022632674297606698
2022,Out of London,1,0.014828303850156073,2,0.022632674297606698,0,0.0,0,0.0,2,0.022632674297606698
2022,Redbridge,0,0.014828303850156073,0,0.022632674297606698,0,0.0,0,0.0,0,0.022632674297606698
2022,Richmond upon Thames,1,0.014828303850156073,3,0.022632674297606698,0,0.0,0,0.0,3,0.022632674297606698
2022,Southwark,0,0.014828303850156073,0,0.022632674297606698,0,0.0,0,0.0,0,0.022632674297606698
2022,Tower Hamlets,0,0.014828303850156073,0,0.022632674297606698,0,0.0,0,0.0,0,0.022632674297606698
2022,Waltham Forest,0,0.014828303850156073,1,0.022632674297606698,0,0.0,0,0.0,1,0.022632674297606698
2022,Wandsworth,1,0.014828303850156073,3,0.022632674297606698,0,0.0,0,0.0,3,0.022632674297606698
2022,Westminster,1,0.014828303850156073,3,0.022632674297606698,0,0.0,0,0.0,3,0.022632674297606698
2023,Barking & Dagenham,0,0.01936620498614958,0,0.023062603878116344,0,0.0,0,0.0,0,0.025832686980609396
2023,Barnet,1,0.01936620498614958,1,0.023062603878116344,0,0.0,0,0.0,1,0.025832686980609396
2023,Brent,1,0.01936620498614958,2,0.023062603878116344,0,0.0,0,0.0,1,0.025832686980609396
2023,Bromley,0,0.01936620498614958,0,0.023062603878116344,0,0.0,0,0.0,0,0.025832686980609396
2023,Camden,1,0.01936620498614958,1,0.023062603878116344,0,0.0,0,0.0,1,0.025832686980609396
2023,City of London,0,0.01936620498614958,0,0.023062603878116344,0,0.0,0,0.0,2,0.025832686980609396
2023,Croydon,0,0.01936620498614958,0,0.023062603878116344,0,0.0,0,0.0,0,0.025832686980609396
2023,Ealing,1,0.01936620498614958,3,0.023062603878116344,0,0.0,0,0.0,3,0.025832686980609396
2023,Enfield,1,0.01936620498614958,1,0.023062603878116344,0,0.0,0,0.0,1,0.025832686980609396
2023,Greenwich,0,0.01936620498614958,0,0.023062603878116344,0,0.0,0,0.0,0,0.025832686980609396
2023,Hackney,0,0.01936620498614958,1,0.023062603878116344,0,0.0,0,0.0,0,0.025832686980609396
2023,Hammersmith & Fulham,1,0.01936620498614958,3,0.023062603878116344,0,0.0,0,0.0,3,0.025832686980609396
2023,Haringey,1,0.01936620498614958,1,0.023062603878116344,0,0.0,0,0.0,1,0.025832686980609396
2023,Harrow,1,0.01936620498614958,2,0.023062603878116344,0,0.0,0,0.0,1,0.025832686980609396
2023,Havering,0,0.01936620498614958,0,0.023062603878116344,0,0.0,0,0.0,0,0.025832686980609396
2023,Hillingdon,1,0.01936620498614958,3,0.023062603878116344,0,0.0,0,0.0,3,0.025832686980609396
2023,Hounslow,1,0.01936620498614958,3,0.023062603878116344,0,0.0,0,0.0,3,0.025832686980609396
2023,Islington,1,0.01936620498614958,1,0.023062603878116344,0,0.0,0,0.0,1,0.025832686980609396
2023,Kensington & Chelsea,1,0.01936620498614958,3,0.023062603878116344,0,0.0,0,0.0,3,0.025832686980609396
2023,Lambeth,1,0.01936620498614958,3,0.023062603878116344,0,0.0,0,0.0,1,0.025832686980609396
2023,Lewisham,0,0.01936620498614958,0,0.023062603878116344,0,0.0,0,0.0,0,0.025832686980609396
2023,Merton,1,0.01936620498614958,3,0.023062603878116344,0,0.0,0,0.0,3,0.025832686980609396
2023,Newham,0,0.01936620498614958,0,0.023062603878116344,0,0.0,0,0.0,0,0.025832686980609396
2023,Out of London,0,0.01936620498614958,2,0.023062603878116344,0,0.0,0,0.0,2,0.025832686980609396
2023,Redbridge,0,0.01936620498614958,0,0.023062603878116344,0,0.0,0,0.0,0,0.025832686980609396
2023,Richmond upon Thames,1,0.01936620498614958,3,0.023062603878116344,0,0.0,0,0.0,3,0.025832686980609396
2023,Southwark,0,0.01936620498614958,0,0.023062603878116344,0,0.0,0,0.0,0,0.025832686980609396
2023,Tower Hamlets,0,0.01936620498614958,0,0.023062603878116344,0,0.0,0,0.0,0,0.025832686980609396
2023,Waltham Forest,0,0.01936620498614958,1,0.023062603878116344,0,0.0,0,0.0,2,0.025832686980609396
2023,Wandsworth,1,0.01936620498614958,3,0.023062603878116344,0,0.0,0,0.0,3,0.025832686980609396
2023,Westminster,1,0.01936620498614958,3,0.023062603878116344,0,0.0,0,0.0,1,0.025832686980609396
2017,Barking & Dagenham,0,0.01955370563070879,0,0.036092033761128454,0,0.0,0,0.0,0,0.035026014568158154
2017,Barnet,1,0.01955370563070879,1,0.036092033761128454,0,0.0,0,0.0,1,0.035026014568158154
2017,Brent,2,0.01955370563070879,2,0.036092033761128454,0,0.0,0,0.0,2,0.035026014568158154
2017,Camden,1,0.01955370563070879,1,0.036092033761128454,0,0.0,0,0.0,1,0.035026014568158154
2017,City of London,0,0.01955370563070879,0,0.036092033761128454,0,0.0,0,0.0,0,0.035026014568158154
2017,Ealing,2,0.01955370563070879,1,0.036092033761128454,0,0.0,0,0.0,3,0.035026014568158154
2017,Enfield,1,0.01955370563070879,3,0.036092033761128454,0,0.0,0,0.0,1,0.035026014568158154
2017,Greenwich,0,0.01955370563070879,0,0.036092033761128454,0,0.0,0,0.0,0,0.035026014568158154
2017,Hackney,1,0.01955370563070879,3,0.036092033761128454,0,0.0,0,0.0,1,0.035026014568158154
2017,Hammersmith & Fulham,2,0.01955370563070879,1,0.036092033761128454,0,0.0,0,0.0,3,0.035026014568158154
2017,Haringey,1,0.01955370563070879,3,0.036092033761128454,0,0.0,0,0.0,1,0.035026014568158154
2017,Harrow,2,0.01955370563070879,2,0.036092033761128454,0,0.0,0,0.0,2,0.035026014568158154
2017,Havering,0,0.01955370563070879,0,0.036092033761128454,0,0.0,0,0.0,0,0.035026014568158154
2017,Hillingdon,2,0.01955370563070879,2,0.036092033761128454,0,0.0,0,0.0,3,0.035026014568158154
2017,Hounslow,2,0.01955370563070879,1,0.036092033761128454,0,0.0,0,0.0,3,0.035026014568158154
2017,Islington,1,0.01955370563070879,3,0.036092033761128454,0,0.0,0,0.0,1,0.035026014568158154
2017,Kensington & Chelsea,2,0.01955370563070879,1,0.036092033761128454,0,0.0,0,0.0,3,0.035026014568158154
2017,Lambeth,1,0.01955370563070879,1,0.036092033761128454,0,0.0,0,0.0,1,0.035026014568158154
2017,Merton,2,0.01955370563070879,1,0.036092033761128454,0,0.0,0,0.0,3,0.035026014568158154
2017,Newham,0,0.01955370563070879,0,0.036092033761128454,0,0.0,0,0.0,0,0.035026014568158154
2017,Out of London,0,0.01955370563070879,2,0.036092033761128454,0,0.0,0,0.0,2,0.035026014568158154
2017,Redbridge,0,0.01955370563070879,0,0.036092033761128454,0,0.0,0,0.0,0,0.035026014568158154
2017,Richmond upon Thames,2,0.01955370563070879,1,0.036092033761128454,0,0.0,0,0.0,3,0.035026014568158154
2017,Southwark,0,0.01955370563070879,4,0.036092033761128454,0,0.0,0,0.0,4,0.035026014568158154
2017,Tower Hamlets,0,0.01955370563070879,0,0.036092033761128454,0,0.0,0,0.0,0,0.035026014568158154
2017,Waltham Forest,1,0.01955370563070879,3,0.036092033761128454,0,0.0,0,0.0,1,0.035026014568158154
2017,Wandsworth,2,0.01955370563070879,1,0.036092033761128454,0,0.0,0,0.0,3,0.035026014568158154
2017,Westminster,1,0.01955370563070879,1,0.036092033761128454,0,0.0,0,0.0,1,0.035026014568158154
2017,Bromley,0,0.01955370563070879,4,0.036092033761128454,0,0.0,0,0.0,4,0.035026014568158154
2017,Croydon,0,0.01955370563070879,4,0.036092033761128454,0,0.0,0,0.0,4,0.035026014568158154
2017,Lewisham,0,0.01955370563070879,4,0.036092033761128454,0,0.0,0,0.0,4,0.035026014568158154
2019,Barking & Dagenham,0,0.02055150884495317,0,0.02211238293444331,0,0.0,0,0.0,0,0.02178720083246621
2019,Barnet,1,0.02055150884495317,1,0.02211238293444331,0,0.0,0,0.0,1,0.02178720083246621
2019,Brent,1,0.02055150884495317,2,0.02211238293444331,0,0.0,0,0.0,2,0.02178720083246621
2019,Bromley,0,0.02055150884495317,0,0.02211238293444331,0,0.0,0,0.0,0,0.02178720083246621
2019,Camden,1,0.02055150884495317,1,0.02211238293444331,0,0.0,0,0.0,1,0.02178720083246621
2019,City of London,1,0.02055150884495317,0,0.02211238293444331,0,0.0,0,0.0,0,0.02178720083246621
2019,Croydon,0,0.02055150884495317,0,0.02211238293444331,0,0.0,0,0.0,0,0.02178720083246621
2019,Ealing,2,0.02055150884495317,3,0.02211238293444331,0,0.0,0,0.0,3,0.02178720083246621
2019,Enfield,1,0.02055150884495317,1,0.02211238293444331,0,0.0,0,0.0,1,0.02178720083246621
2019,Greenwich,0,0.02055150884495317,0,0.02211238293444331,0,0.0,0,0.0,0,0.02178720083246621
2019,Hackney,0,0.02055150884495317,0,0.02211238293444331,0,0.0,0,0.0,0,0.02178720083246621
2019,Hammersmith & Fulham,2,0.02055150884495317,3,0.02211238293444331,0,0.0,0,0.0,3,0.02178720083246621
2019,Haringey,1,0.02055150884495317,1,0.02211238293444331,0,0.0,0,0.0,1,0.02178720083246621
2019,Harrow,1,0.02055150884495317,2,0.02211238293444331,0,0.0,0,0.0,2,0.02178720083246621
2019,Havering,0,0.02055150884495317,0,0.02211238293444331,0,0.0,0,0.0,0,0.02178720083246621
2019,Hillingdon,2,0.02055150884495317,3,0.02211238293444331,0,0.0,0,0.0,3,0.02178720083246621
2019,Hounslow,2,0.02055150884495317,3,0.02211238293444331,0,0.0,0,0.0,3,0.02178720083246621
2019,Islington,1,0.02055150884495317,1,0.02211238293444331,0,0.0,0,0.0,1,0.02178720083246621
2019,Kensington & Chelsea,2,0.02055150884495317,3,0.02211238293444331,0,0.0,0,0.0,3,0.02178720083246621
2019,Lambeth,1,0.02055150884495317,1,0.02211238293444331,0,0.0,0,0.0,1,0.02178720083246621
2019,Lewisham,0,0.02055150884495317,0,0.02211238293444331,0,0.0,0,0.0,0,0.02178720083246621
2019,Merton,2,0.02055150884495317,3,0.02211238293444331,0,0.0,0,0.0,3,0.02178720083246621
2019,Newham,0,0.02055150884495317,0,0.02211238293444331,0,0.0,0,0.0,0,0.02178720083246621
2019,Out of London,1,0.02055150884495317,2,0.02211238293444331,0,0.0,0,0.0,2,0.02178720083246621
2019,Redbridge,0,0.02055150884495317,0,0.02211238293444331,0,0.0,0,0.0,0,0.02178720083246621
2019,Richmond upon Thames,2,0.02055150884495317,3,0.02211238293444331,0,0.0,0,0.0,3,0.02178720083246621
2019,Southwark,0,0.02055150884495317,1,0.02211238293444331,0,0.0,0,0.0,0,0.02178720083246621
2019,Tower Hamlets,0,0.02055150884495317,0,0.02211238293444331,0,0.0,0,0.0,0,0.02178720083246621
2019,Waltham Forest,1,0.02055150884495317,0,0.02211238293444331,0,0.0,0,0.0,0,0.02178720083246621
2019,Wandsworth,2,0.02055150884495317,3,0.02211238293444331,0,0.0,0,0.0,3,0.02178720083246621
2019,Westminster,1,0.02055150884495317,1,0.02211238293444331,0,0.0,0,0.0,1,0.02178720083246621
2021,Barking & Dagenham,0,0.012320635856250782,0,0.03466402033561122,0,0.0,0,0.0,0,0.0194123118863858
2021,Barnet,1,0.012320635856250782,1,0.03466402033561122,0,0.0,0,0.0,1,0.0194123118863858
2021,Brent,1,0.012320635856250782,2,0.03466402033561122,0,0.0,0,0.0,2,0.0194123118863858
2021,Camden,1,0.012320635856250782,1,0.03466402033561122,0,0.0,0,0.0,1,0.0194123118863858
2021,City of London,0,0.012320635856250782,0,0.03466402033561122,0,0.0,0,0.0,0,0.0194123118863858
2021,Ealing,1,0.012320635856250782,3,0.03466402033561122,0,0.0,0,0.0,3,0.0194123118863858
2021,Enfield,1,0.012320635856250782,1,0.03466402033561122,0,0.0,0,0.0,1,0.0194123118863858
2021,Greenwich,0,0.012320635856250782,0,0.03466402033561122,0,0.0,0,0.0,0,0.0194123118863858
2021,Hackney,0,0.012320635856250782,1,0.03466402033561122,0,0.0,0,0.0,0,0.0194123118863858
2021,Hammersmith & Fulham,1,0.012320635856250782,3,0.03466402033561122,0,0.0,0,0.0,3,0.0194123118863858
2021,Haringey,1,0.012320635856250782,1,0.03466402033561122,0,0.0,0,0.0,1,0.0194123118863858
2021,Harrow,1,0.012320635856250782,2,0.03466402033561122,0,0.0,0,0.0,2,0.0194123118863858
2021,Havering,0,0.012320635856250782,0,0.03466402033561122,0,0.0,0,0.0,0,0.0194123118863858
2021,Hillingdon,1,0.012320635856250782,3,0.03466402033561122,0,0.0,0,0.0,3,0.0194123118863858
2021,Hounslow,1,0.012320635856250782,3,0.03466402033561122,0,0.0,0,0.0,3,0.0194123118863858
2021,Islington,1,0.012320635856250782,1,0.03466402033561122,0,0.0,0,0.0,1,0.0194123118863858
2021,Kensington & Chelsea,1,0.012320635856250782,3,0.03466402033561122,0,0.0,0,0.0,3,0.0194123118863858
2021,Lambeth,1,0.012320635856250782,1,0.03466402033561122,0,0.0,0,0.0,1,0.0194123118863858
2021,Merton,1,0.012320635856250782,3,0.03466402033561122,0,0.0,0,0.0,3,0.0194123118863858
2021,Newham,0,0.012320635856250782,0,0.03466402033561122,0,0.0,0,0.0,0,0.0194123118863858
2021,Out of London,0,0.012320635856250782,2,0.03466402033561122,0,0.0,0,0.0,2,0.0194123118863858
2021,Redbridge,0,0.012320635856250782,0,0.03466402033561122,0,0.0,0,0.0,0,0.0194123118863858
2021,Richmond upon Thames,1,0.012320635856250782,3,0.03466402033561122,0,0.0,0,0.0,3,0.0194123118863858
2021,Southwark,0,0.012320635856250782,4,0.03466402033561122,0,0.0,0,0.0,0,0.0194123118863858
2021,Tower Hamlets,0,0.012320635856250782,0,0.03466402033561122,0,0.0,0,0.0,0,0.0194123118863858
2021,Waltham Forest,0,0.012320635856250782,1,0.03466402033561122,0,0.0,0,0.0,1,0.0194123118863858
2021,Wandsworth,1,0.012320635856250782,3,0.03466402033561122,0,0.0,0,0.0,3,0.0194123118863858
2021,Westminster,1,0.012320635856250782,1,0.03466402033561122,0,0.0,0,0.0,1,0.0194123118863858
2021,Bromley,0,0.012320635856250782,4,0.03466402033561122,0,0.0,0,0.0,0,0.0194123118863858
2021,Croydon,0,0.012320635856250782,4,0.03466402033561122,0,0.0,0,0.0,0,0.0194123118863858
2021,Lewisham,0,0.012320635856250782,4,0.03466402033561122,0,0.0,0,0.0,0,0.0194123118863858
2020,Barking & Dagenham,0,0.022919277155611296,0,0.03717744145978539,0,0.0,0,0.0,0,0.03889791682982227
2020,Barnet,1,0.022919277155611296,1,0.03717744145978539,0,0.0,0,0.0,1,0.03889791682982227
2020,Brent,2,0.022919277155611296,2,0.03717744145978539,0,0.0,0,0.0,2,0.03889791682982227
2020,Camden,1,0.022919277155611296,1,0.03717744145978539,0,0.0,0,0.0,1,0.03889791682982227
2020,City of London,0,0.022919277155611296,0,0.03717744145978539,0,0.0,0,0.0,0,0.03889791682982227
2020,Ealing,2,0.022919277155611296,2,0.03717744145978539,0,0.0,0,0.0,3,0.03889791682982227
2020,Enfield,1,0.022919277155611296,1,0.03717744145978539,0,0.0,0,0.0,1,0.03889791682982227
2020,Greenwich,0,0.022919277155611296,0,0.03717744145978539,0,0.0,0,0.0,0,0.03889791682982227
2020,Hackney,1,0.022919277155611296,1,0.03717744145978539,0,0.0,0,0.0,1,0.03889791682982227
2020,Hammersmith & Fulham,2,0.022919277155611296,2,0.03717744145978539,0,0.0,0,0.0,3,0.03889791682982227
2020,Haringey,1,0.022919277155611296,1,0.03717744145978539,0,0.0,0,0.0,1,0.03889791682982227
2020,Harrow,2,0.022919277155611296,2,0.03717744145978539,0,0.0,0,0.0,2,0.03889791682982227
2020,Havering,0,0.022919277155611296,0,0.03717744145978539,0,0.0,0,0.0,0,0.03889791682982227
2020,Hillingdon,2,0.022919277155611296,2,0.03717744145978539,0,0.0,0,0.0,2,0.03889791682982227
2020,Hounslow,2,0.022919277155611296,2,0.03717744145978539,0,0.0,0,0.0,3,0.03889791682982227
2020,Islington,1,0.022919277155611296,1,0.03717744145978539,0,0.0,0,0.0,1,0.03889791682982227
2020,Kensington & Chelsea,2,0.022919277155611296,2,0.03717744145978539,0,0.0,0,0.0,3,0.03889791682982227
2020,Lambeth,1,0.022919277155611296,1,0.03717744145978539,0,0.0,0,0.0,1,0.03889791682982227
2020,Merton,2,0.022919277155611296,2,0.03717744145978539,0,0.0,0,0.0,3,0.03889791682982227
2020,Newham,0,0.022919277155611296,0,0.03717744145978539,0,0.0,0,0.0,0,0.03889791682982227
2020,Out of London,2,0.022919277155611296,2,0.03717744145978539,0,0.0,0,0.0,2,0.03889791682982227
2020,Redbridge,0,0.022919277155611296,0,0.03717744145978539,0,0.0,0,0.0,0,0.03889791682982227
2020,Richmond upon Thames,2,0.022919277155611296,2,0.03717744145978539,0,0.0,0,0.0,3,0.03889791682982227
2020,Southwark,0,0.022919277155611296,3,0.03717744145978539,0,0.0,0,0.0,4,0.03889791682982227
2020,Tower Hamlets,0,0.022919277155611296,0,0.03717744145978539,0,0.0,0,0.0,0,0.03889791682982227
2020,Waltham Forest,1,0.022919277155611296,1,0.03717744145978539,0,0.0,0,0.0,1,0.03889791682982227
2020,Wandsworth,2,0.022919277155611296,2,0.03717744145978539,0,0.0,0,0.0,3,0.03889791682982227
2020,Westminster,2,0.022919277155611296,1,0.03717744145978539,0,0.0,0,0.0,1,0.03889791682982227
2020,Bromley,0,0.022919277155611296,3,0.03717744145978539,0,0.0,0,0.0,4,0.03889791682982227
2020,Croydon,0,0.022919277155611296,3,0.03717744145978539,0,0.0,0,0.0,4,0.03889791682982227
2020,Lewisham,0,0.022919277155611296,3,0.03717744145978539,0,0.0,0,0.0,4,0.03889791682982227
2018,Barking & Dagenham,0,0.016794872367909382,0,0.032908116515963474,0,0.0,0,0.0,0,0.032908116515963474
2018,Barnet,1,0.016794872367909382,1,0.032908116515963474,0,0.0,0,0.0,1,0.032908116515963474
2018,Brent,1,0.016794872367909382,2,0.032908116515963474,0,0.0,0,0.0,2,0.032908116515963474
2018,Camden,1,0.016794872367909382,1,0.032908116515963474,0,0.0,0,0.0,1,0.032908116515963474
2018,City of London,0,0.016794872367909382,0,0.032908116515963474,0,0.0,0,0.0,0,0.032908116515963474
2018,Ealing,1,0.016794872367909382,3,0.032908116515963474,0,0.0,0,0.0,3,0.032908116515963474
2018,Enfield,1,0.016794872367909382,1,0.032908116515963474,0,0.0,0,0.0,1,0.032908116515963474
2018,Greenwich,0,0.016794872367909382,0,0.032908116515963474,0,0.0,0,0.0,0,0.032908116515963474
2018,Hackney,0,0.016794872367909382,0,0.032908116515963474,0,0.0,0,0.0,0,0.032908116515963474
2018,Hammersmith & Fulham,1,0.016794872367909382,3,0.032908116515963474,0,0.0,0,0.0,3,0.032908116515963474
2018,Haringey,1,0.016794872367909382,1,0.032908116515963474,0,0.0,0,0.0,1,0.032908116515963474
2018,Harrow,1,0.016794872367909382,2,0.032908116515963474,0,0.0,0,0.0,2,0.032908116515963474
2018,Havering,0,0.016794872367909382,0,0.032908116515963474,0,0.0,0,0.0,0,0.032908116515963474
2018,Hillingdon,1,0.016794872367909382,3,0.032908116515963474,0,0.0,0,0.0,3,0.032908116515963474
2018,Hounslow,1,0.016794872367909382,3,0.032908116515963474,0,0.0,0,0.0,3,0.032908116515963474
2018,Islington,1,0.016794872367909382,1,0.032908116515963474,0,0.0,0,0.0,1,0.032908116515963474
2018,Kensington & Chelsea,1,0.016794872367909382,3,0.032908116515963474,0,0.0,0,0.0,3,0.032908116515963474
2018,Lambeth,1,0.016794872367909382,1,0.032908116515963474,0,0.0,0,0.0,1,0.032908116515963474
2018,Merton,1,0.016794872367909382,3,0.032908116515963474,0,0.0,0,0.0,3,0.032908116515963474
2018,Newham,0,0.016794872367909382,0,0.032908116515963474,0,0.0,0,0.0,0,0.032908116515963474
2018,Out of London,0,0.016794872367909382,2,0.032908116515963474,0,0.0,0,0.0,2,0.032908116515963474
2018,Redbridge,0,0.016794872367909382,0,0.032908116515963474,0,0.0,0,0.0,0,0.032908116515963474
2018,Richmond upon Thames,1,0.016794872367909382,3,0.032908116515963474,0,0.0,0,0.0,3,0.032908116515963474
2018,Southwark,0,0.016794872367909382,4,0.032908116515963474,0,0.0,0,0.0,4,0.032908116515963474
2018,Tower Hamlets,0,0.016794872367909382,0,0.032908116515963474,0,0.0,0,0.0,0,0.032908116515963474
2018,Waltham Forest,0,0.016794872367909382,0,0.032908116515963474,0,0.0,0,0.0,0,0.032908116515963474
2018,Wandsworth,1,0.016794872367909382,3,0.032908116515963474,0,0.0,0,0.0,3,0.032908116515963474
2018,Westminster,1,0.016794872367909382,1,0.032908116515963474,0,0.0,0,0.0,1,0.032908116515963474
2018,Bromley,0,0.016794872367909382,4,0.032908116515963474,0,0.0,0,0.0,4,0.032908116515963474
2018,Croydon,0,0.016794872367909382,4,0.032908116515963474,0,0.0,0,0.0,4,0.032908116515963474
2018,Lewisham,0,0.016794872367909382,4,0.032908116515963474,0,0.0,0,0.0,4,0.032908116515963474
